datatime,temp,tempmin,tempmax,precip,windgust,winddir,windspeed,dew,humidity,pressure,solarradiation,snow,Temp_Range,feelslike,feelslikemax,feelslikemin,heat_index
2023-08-01,85.82,77.9,93.56,0,6.934514,270,4.250186,24,71.6,1000.3,5902.777825,0,8.7,95.32133293,118.9549359,77.9,117.7595074
2023-08-02,85.46,80.24,92.66,0,10.737312,270,4.697574,22.7,67.8,997.5,6891.666722,0,6.9,92.90152354,112.5031901,83.05502889,112.5101885
2023-08-03,85.1,78.44,92.84,0,8.94776,250,4.697574,22.5,67,995.9,7055.555612,0,8,91.81165646,112.411236,78.44,110.5812688
2023-08-04,86,79.7,93.92,0,8.724066,270,4.250186,23.1,67.6,994.2,6425.000051,0,7.9,94.04600063,116.4673039,79.7,114.0955419
2023-08-05,86.54,79.52,94.82,0,10.513618,320,4.47388,23.7,69,990.6,7586.111172,0,8.5,95.94125687,120.938904,79.52,117.4602688
2023-08-06,85.64,80.6,91.4,0.19291349,17.224438,290,3.802798,25.1,76.5,988.3,3597.222251,0,6,97.04706732,115.5670965,84.95246352,122.7848016
2023-08-07,86.72,81.14,94.28,0,10.06623,50,6.039738,23.8,68.4,989.5,4397.222257,0,7.3,96.10489551,118.4461294,84.59327448,117.4286984
2023-08-08,87.62,79.52,96.44,0,9.618842,50,6.487126,22.2,60.5,992.2,6655.555609,0,9.4,94.56303506,117.9924493,79.52,112.0941025
2023-08-09,82.94,77.18,88.88,0.00787402,13.197946,70,7.158208,21.7,67.6,993.7,3794.444475,0,6.5,87.63875118,101.2247794,77.18,104.6052076
2023-08-10,71.96,69.62,77.18,3.38976561,19.908766,340,8.276678,20.8,91.9,986.1,672.2222276,0,4.2,71.96,77.18,69.62,87.53680189
2023-08-11,74.3,70.88,76.82,1.83858367,13.869028,200,5.144962,22.2,93.1,988.9,1094.444453,0,3.3,74.3,76.82,70.88,94.39649076
2023-08-12,73.94,72.5,75.38,0.05905515,7.158208,160,4.250186,21.7,91,993.8,1163.888898,0,1.6,73.94,75.38,72.5,92.49445767
2023-08-13,80.6,72.68,87.98,0,6.263432,140,3.802798,22.3,76.9,994.5,4858.333372,0,8.5,85.01750811,104.2138194,72.68,104.7563205
2023-08-14,82.58,76.64,89.42,0,8.724066,270,3.579104,23.1,75.4,995.6,3808.333364,0,7.1,88.94725341,107.8539399,76.64,110.0672718
2023-08-15,83.48,76.46,90.86,0,10.513618,320,5.144962,22.7,71.4,994.6,6066.666715,0,8,89.78904358,109.5936291,76.46,109.4548941
2023-08-16,81.14,76.46,88.88,0.01181103,8.500372,270,4.697574,21.7,72,993.7,4294.444479,0,6.9,85.22657044,103.9006378,76.46,102.7486473
2023-08-17,82.76,76.1,90.32,0,7.158208,140,3.802798,22.6,73,994.6,5066.666707,0,7.9,88.69570819,109.051209,76.1,108.5327298
2023-08-18,84.38,77.9,91.94,0.00393701,8.724066,270,4.250186,23.3,72.1,996.3,5433.333377,0,7.8,92.03942282,113.724369,77.9,113.1438806
2023-08-19,84.38,79.52,92.48,0,9.171454,270,4.250186,22.5,68.9,999.5,5900.000047,0,7.2,90.93044301,112.8389811,79.52,110.0693661
2023-08-20,82.94,77.9,89.24,0,6.934514,180,3.579104,22.5,71.8,1000.8,4408.333369,0,6.3,88.75190704,104.8463695,77.9,108.0687407
2023-08-21,85.1,78.8,92.48,0,12.079476,200,5.368656,23.2,69.8,997.1,5288.888931,0,7.6,92.85593063,113.5969223,78.8,113.3079066
2023-08-22,81.68,78.44,89.96,1.67716626,16.105968,160,5.368656,23.8,80.3,993.8,2916.66669,0,6.4,88.08887216,113.4213907,78.44,111.3202324
2023-08-23,76.64,73.76,80.96,1.64567018,9.842536,250,4.921268,23.2,91.3,995.2,925.0000074,0,4,76.64,88.6424884,73.76,101.3023109
2023-08-24,77.18,72.14,82.04,0.20472452,9.171454,50,6.263432,22.2,84.8,996,3488.888917,0,5.5,77.18,90.15373634,72.14,99.2551491
2023-08-25,79.7,75.2,86,0,10.513618,270,5.816044,22.1,77.9,997.2,5672.222268,0,6,79.7,98.74373437,75.2,102.6608297
2023-08-26,79.52,73.94,86.54,0,8.94776,270,4.026492,20.7,72.3,999.3,5511.111155,0,7,79.52,97.49915035,73.94,98.46982204
2023-08-27,78.98,72.86,85.28,0,7.158208,50,4.026492,21.2,75,998.4,3333.33336,0,6.9,78.98,95.40586636,72.86,98.66525967
2023-08-28,72.86,69.44,78.08,0.40944904,11.408394,50,7.381902,20.5,87.5,997,1108.333342,0,4.8,72.86,78.08,69.44,88.55664715
2023-08-29,75.02,72.5,77.9,2.15748148,8.724066,110,4.697574,22,89.6,995.2,797.2222286,0,3,75.02,77.9,72.5,95.08980021
2023-08-30,73.04,70.7,76.1,0.13779535,5.368656,180,2.460634,20.7,88,999,1227.777788,0,3,73.04,76.1,70.7,89.12740202
2023-08-31,75.02,69.8,84.02,0,7.82929,290,2.908022,19.2,76.9,1000.4,5147.222263,0,7.9,75.02,92.88564488,69.8,89.9634358
2023-09-01,76.1,67.46,85.28,0,8.276678,270,4.47388,18.3,70.6,1001.8,6830.55561,0,9.9,76.1,93.58825291,67.46,89.84415054
2023-09-02,77.72,67.46,87.44,0,8.276678,20,3.579104,17.5,63.9,1001.5,6588.888942,0,11.1,77.72,95.71220967,67.46,90.3193886
2023-09-03,78.44,73.58,83.84,0.00393701,7.381902,50,4.921268,21.5,77.8,1002.1,3386.111138,0,5.7,78.44,92.74568473,73.58,98.8557422
2023-09-04,80.6,75.74,86.36,0.01181103,7.82929,290,4.026492,23.1,79.9,1001.9,2844.444467,0,5.9,85.51546472,100.8615723,75.74,107.1150709
2023-09-05,83.3,77,91.04,0,8.724066,320,4.026492,22.1,69.5,1001.2,5316.666709,0,7.8,88.85607134,108.7334609,77,107.2213976
2023-09-06,82.22,75.2,89.78,0,9.842536,50,5.368656,20.3,65.1,1001.7,6288.888939,0,8.1,85.77449588,102.1301963,75.2,100.8234198
2023-09-07,79.34,69.62,88.88,0,9.842536,50,5.59235,15.9,54.8,1004.4,6822.222277,0,10.7,79.34,94.59876111,69.62,89.66158878
2023-09-08,77.54,67.28,86.9,0,10.06623,340,5.144962,16.7,60.3,1002.8,6702.777831,0,10.9,77.54,92.9827915,67.28,88.68480258
2023-09-09,78.44,69.44,88.16,0,9.171454,270,4.026492,18.6,66.3,1000.6,6288.888939,0,10.4,78.44,98.63004493,69.44,92.74162142
2023-09-10,78.26,71.6,85.28,0,7.605596,290,3.579104,19.2,68.1,999.8,4047.222255,0,7.6,78.26,92.61483539,71.6,93.20192951
2023-09-11,77.9,73.58,85.64,0,8.500372,270,4.250186,18.7,67.3,999.2,4108.333366,0,6.7,77.9,93.10818744,73.58,92.08355326
2023-09-12,78.26,71.06,85.64,0,7.605596,320,3.35541,19.5,69.8,1000.3,3477.777806,0,8.1,78.26,94.11784567,71.06,94.02156685
2023-09-13,71.78,67.28,76.28,0.62598459,9.395148,50,4.026492,19.3,84.5,1001.6,930.555563,0,5,71.78,76.28,67.28,85.55747691
2023-09-14,74.12,66.56,80.96,0,9.171454,50,5.368656,17.9,72.4,1002.8,3805.555586,0,8,74.12,84.96269834,66.56,86.8331882
2023-09-15,72.14,68.54,75.74,0.08267721,8.724066,50,5.816044,19,82.3,1003.5,1486.111123,0,4,72.14,75.74,68.54,85.77976923
2023-09-16,75.02,71.6,79.88,1.52362287,5.816044,50,3.802798,21.7,87.8,1001.6,1750.000014,0,4.6,75.02,79.88,71.6,94.29234446
2023-09-17,76.46,71.6,82.4,0.1181103,7.381902,290,3.131716,21.8,84.8,1000.1,3469.444472,0,6,76.46,91.15418419,71.6,97.05893896
2023-09-18,76.46,71.78,84.02,0,11.1847,290,4.250186,20.6,79.1,1002,3841.666697,0,6.8,76.46,93.69640634,71.78,94.22083036
2023-09-19,75.38,70.88,80.96,0,8.052984,270,3.579104,20.5,81.1,1003.6,2494.444464,0,5.6,75.38,86.55153381,70.88,92.40221254
2023-09-20,69.08,65.84,75.02,1.40944958,11.408394,50,6.039738,18.8,90.4,1000.5,702.7777834,0,5.1,69.08,75.02,65.84,81.54137639
2023-09-21,68.18,63.5,74.48,0,11.632088,50,5.144962,14.5,70.9,1001.5,3688.888918,0,6.1,68.18,74.48,63.5,79.83992946
2023-09-22,68.9,59.36,80.06,0,7.381902,290,3.802798,13.7,68.4,1005.6,5658.333379,0,11.5,68.9,82.85359302,59.36,80.17579453
2023-09-23,71.24,61.34,81.68,0,10.289924,50,5.59235,14.1,63.9,1009.4,5469.444488,0,11.3,71.24,84.66751013,61.34,81.56055586
2023-09-24,71.24,64.22,79.16,0,10.513618,50,6.487126,12.3,56.4,1009.5,5322.222265,0,8.3,71.24,79.16,64.22,80.68850121
2023-09-25,70.88,64.22,78.8,0.07480319,7.605596,70,5.144962,14.8,66.4,1006,3097.222247,0,8.1,70.88,78.8,64.22,81.54250142
2023-09-26,67.82,65.48,69.44,1.09448878,7.82929,90,5.368656,19.2,95.8,1002.4,647.2222274,0,2.2,67.82,69.44,65.48,79.60193343
2023-09-27,70.7,68,74.66,0.17322844,6.934514,250,4.026492,19.8,90.1,1000.7,1847.222237,0,3.7,70.7,74.66,68,84.42319139
2023-09-28,72.86,67.28,81.14,0,8.276678,250,4.47388,18.4,78.3,1003.2,4738.888927,0,7.7,72.86,86.41461476,67.28,86.17859953
2023-09-29,69.98,63.32,80.42,0,8.724066,250,3.131716,12.9,61.5,1003.7,4552.777814,0,9.5,69.98,82.50725975,63.32,80.3612589
2023-09-30,67.46,62.78,71.96,0.17716545,11.408394,200,4.921268,15.5,77,1000.5,2069.444461,0,5.1,67.46,71.96,62.78,79.4932002
2023-10-01,65.12,57.92,74.66,0,9.618842,290,5.368656,9.8,59.5,1004.2,5569.444489,0,9.3,65.12,74.66,57.92,78.89203569
2023-10-02,64.76,55.22,76.28,0,11.408394,340,3.802798,7.9,53.8,1007.6,5536.111155,0,11.7,64.76,76.28,55.22,78.73172803
2023-10-03,63.5,57.92,72.5,0,6.71082,50,3.802798,10.9,66.3,1007,2611.111132,0,8.1,63.5,72.5,57.92,79.09825789
2023-10-04,63.14,57.56,73.76,0.57874047,14.316416,340,4.697574,12.6,75.5,1003.6,3363.888916,0,9,63.14,73.76,57.56,78.59762492
2023-10-05,57.56,49.82,66.56,0,9.842536,320,5.816044,2.6,46.1,1006.2,5552.777822,0,9.3,57.56,66.56,49.82,81.18878685
2023-10-06,59.9,49.28,70.7,0,7.381902,290,3.579104,6.1,55.3,1008.5,4977.777818,0,11.9,59.9,70.7,49.28,80.76126305
2023-10-07,62.24,53.06,70.16,0,8.052984,70,4.697574,9.2,62.6,1011.5,3655.555585,0,9.5,62.24,70.16,53.06,79.60816852
2023-10-08,62.78,59.36,67.1,0,7.82929,50,5.59235,10.9,67.1,1012.4,1644.444458,0,4.3,62.78,67.1,59.36,79.2807677
2023-10-09,63.32,57.38,72.32,0.04724412,10.06623,320,4.250186,11.2,68.1,1009.1,3269.444471,0,8.3,63.32,72.32,57.38,79.07570002
2023-10-10,62.78,53.42,74.3,0,7.381902,290,3.579104,10.2,67.1,1010.4,5172.222264,0,11.6,62.78,74.3,53.42,79.2807677
2023-10-11,63.68,55.22,75.2,0,6.487126,50,3.802798,8.4,57.5,1013.8,4858.333372,0,11.1,63.68,75.2,55.22,79.0659578
2023-10-12,63.5,53.6,75.38,0,6.487126,290,3.35541,9.8,62.4,1013.5,4000.000032,0,12.1,63.5,75.38,53.6,79.16737219
2023-10-13,63.5,57.74,70.7,0,7.158208,50,3.35541,11.6,69.6,1007.1,2538.888909,0,7.2,63.5,70.7,57.74,78.96156815
2023-10-14,58.46,55.22,64.76,0.22834658,6.71082,360,3.131716,12.1,84.9,999.8,1816.666681,0,5.3,58.46,64.76,55.22,79.91304584
2023-10-15,60.98,51.62,70.16,0,9.618842,250,4.47388,12.3,80,1000.1,3813.888919,0,10.3,60.98,70.16,51.62,78.83082334
2023-10-16,58.46,51.26,67.28,0,8.500372,320,5.368656,5.7,57,1004.6,5000.00004,0,8.9,58.46,67.28,51.26,82.03061325
2023-10-17,56.84,45.5,69.62,0,6.487126,290,3.579104,4.4,55.6,1008.7,4958.333373,0,13.4,56.84,69.62,45.5,83.48295983
2023-10-18,60.26,48.56,70.88,0,10.513618,270,4.697574,9.3,67,1008.6,3991.666699,0,12.4,60.26,70.88,48.56,80.65834135
2023-10-19,62.6,58.82,66.02,0.32283482,8.724066,320,3.35541,13.9,82.5,1004.4,800.0000064,0,4,62.6,66.02,58.82,77.81953043
2023-10-20,52.88,44.96,59.18,0,14.316416,270,7.158208,0.4,46.9,1006.6,4972.222262,0,7.9,52.88,59.18,44.96,86.0407085
2023-10-21,50.72,42.62,61.88,0.04330711,12.526864,290,5.144962,1.1,54.8,1009.6,4638.888926,0,10.7,50.72,61.88,42.62,92.00587343
2023-10-22,54.5,41.72,65.66,0,10.289924,230,3.802798,6.2,67.3,1012.2,4050.000032,0,13.3,54.5,65.66,41.72,87.54492746
2023-10-23,59.36,51.98,70.52,0,7.605596,290,3.802798,10.2,73.8,1011.7,3511.111139,0,10.3,59.36,70.52,51.98,80.88471538
2023-10-24,60.08,52.16,66.74,0,7.605596,180,3.802798,11.7,78.5,1009.4,2594.444465,0,8.1,60.08,66.74,52.16,79.66230422
2023-10-25,61.88,54.86,71.42,0,6.71082,180,3.131716,12.6,78.6,1007.3,3166.666692,0,9.2,61.88,71.42,54.86,78.60764512
2023-10-26,62.96,58.28,69.98,0,10.737312,50,4.697574,13.5,79.4,1003.8,1608.333346,0,6.5,62.96,69.98,58.28,78.19464128
2023-10-27,60.26,54.68,68.36,0,8.052984,290,4.250186,10.1,71.1,1004,2797.222245,0,7.6,60.26,68.36,54.68,80.39975205
2023-10-28,57.56,48.92,69.26,0,6.263432,200,3.131716,6.3,62.9,1007.8,4250.000034,0,11.3,57.56,69.26,48.92,83.23244215
2023-10-29,58.82,49.64,71.24,0,6.263432,110,3.802798,7,61.6,1010.8,4250.000034,0,12,58.82,71.24,49.64,81.92846158
2023-10-30,59.18,49.46,71.42,0,6.934514,270,3.802798,9.7,72,1011.6,3808.333364,0,12.2,59.18,71.42,49.46,81.23004028
2023-10-31,61.7,54.86,69.44,0,8.724066,200,4.026492,12,76,1010.9,2936.111135,0,8.1,61.7,69.44,54.86,79.01866547
2023-11-01,66.2,62.96,69.08,0,9.842536,200,5.368656,15.8,81.8,1006.7,619.4444494,0,3.4,66.2,69.08,62.96,78.5838981
2023-11-02,69.44,65.66,78.62,0,12.750558,230,6.487126,14.9,70.9,1005.6,3572.222251,0,7.2,69.44,78.62,65.66,80.73409286
2023-11-03,67.1,63.86,72.32,0.33464585,11.408394,200,6.263432,16.5,83.3,1004.5,1694.444458,0,4.7,67.1,72.32,63.86,79.13547474
2023-11-04,63.32,57.38,69.62,0,9.842536,50,5.816044,12.9,75.5,1009.7,2311.11113,0,6.8,63.32,69.62,57.38,78.56503453
2023-11-05,63.14,59.18,68.72,0.40944904,11.408394,50,7.381902,15.1,87,1005.1,1041.666675,0,5.3,63.14,68.72,59.18,77.02675094
2023-11-06,55.94,43.88,66.74,1.80315058,20.356154,230,10.961006,10.7,84.9,995.9,1227.777788,0,12.7,55.94,66.74,43.88,83.31412043
2023-11-07,42.44,38.48,49.82,0,19.01399,270,7.158208,-0.9,62.5,1010.9,3983.333365,0,6.3,42.44,49.82,38.48,116.1155575
2023-11-08,47.12,35.24,60.98,0,6.71082,90,3.802798,-0.9,55.1,1011.6,3791.666697,0,14.3,47.12,60.98,35.24,99.29317849
2023-11-09,52.52,42.62,65.12,0.20078751,11.855782,250,4.697574,6.6,73.1,1008.9,1883.333348,0,12.5,52.52,65.12,42.62,91.32785189
2023-11-10,38.12,32.9,48.38,0,17.224438,290,8.724066,-5.7,53.1,1015.4,4033.333366,0,8.6,38.12,48.38,32.9,121.8221943
2023-11-11,35.06,28.58,44.06,0,8.500372,270,4.921268,-8.6,47.9,1017.8,3027.777802,0,8.6,35.06,44.06,28.58,124.5985629
2023-11-12,34.16,28.4,42.26,0,10.06623,290,4.921268,-7.3,53.8,1016.6,3936.111143,0,7.7,34.16,42.26,28.4,136.0888334
2023-11-13,35.6,28.04,44.06,0,9.171454,320,5.144962,-6.8,54,1017.3,3938.88892,0,8.9,35.6,44.06,28.04,131.2333283
2023-11-14,41,30.56,51.44,0,9.171454,320,3.802798,-1.1,66.1,1015.9,3594.444473,0,11.6,41,51.44,30.56,123.4483105
2023-11-15,44.6,35.6,54.5,0,10.06623,250,3.35541,1.8,71.4,1016.9,2908.333357,0,10.5,44.6,54.5,35.6,113.2020353
2023-11-16,43.88,42.26,45.32,0.33070884,10.513618,250,4.250186,4.1,85,1008.4,302.7777802,0,1.7,43.88,45.32,42.26,119.3577621
2023-11-17,34.88,28.58,42.62,0,14.54011,290,6.487126,-5.5,59.3,1003.1,2061.111128,0,7.8,34.88,42.62,28.58,140.7448004
2023-11-18,33.08,25.16,42.26,0,13.42164,320,7.82929,-6.6,58.9,1007.3,3577.777806,0,9.5,33.08,42.26,25.16,147.6470415
2023-11-19,42.62,31.46,56.12,0,11.1847,270,5.368656,0.3,68.3,1006.7,2163.888906,0,13.7,42.62,56.12,31.46,118.8393437
2023-11-20,43.16,35.24,55.04,0,7.381902,180,3.35541,-1.9,58.4,1012.6,3591.666695,0,11,43.16,55.04,35.24,111.2561187
2023-11-21,45.32,34.52,58.64,0,6.934514,230,3.802798,-0.5,59.6,1010.9,3491.666695,0,13.4,45.32,58.64,34.52,105.9416413
2023-11-22,49.1,37.22,59.18,0,6.263432,200,4.026492,3.6,68.1,1005.7,2855.555578,0,12.2,49.1,59.18,37.22,98.92196863
2023-11-23,49.82,35.42,58.28,0.00393701,16.105968,320,7.381902,4.7,71.1,1003.2,2336.11113,0,12.7,49.82,58.28,35.42,97.53402061
2023-11-24,29.3,24.08,35.96,0,13.42164,270,8.500372,-10.4,51.8,1017.8,3519.444473,0,6.6,29.3,35.96,24.08,151.2921017
2023-11-25,29.66,21.38,39.2,0,8.276678,340,4.026492,-13.1,42.8,1021.5,3519.444473,0,9.9,29.66,39.2,21.38,132.2026758
2023-11-26,39.2,31.82,44.96,0,6.263432,70,3.131716,-7.3,43.6,1013.6,1775.000014,0,7.3,39.2,44.96,31.82,107.9402694
2023-11-27,43.16,39.92,48.74,0.14173236,10.737312,270,5.368656,3.4,82.9,1003.4,652.777783,0,4.9,43.16,48.74,39.92,122.1113384
2023-11-28,34.34,29.84,41.36,0,12.30317,270,7.158208,-6.3,57.5,1010.4,2736.111133,0,6.4,34.34,41.36,29.84,140.5439803
2023-11-29,29.48,24.8,37.4,0,12.30317,270,5.59235,-8.5,58.9,1014.2,1319.444455,0,7,29.48,37.4,24.8,163.7367024
2023-11-30,24.26,18.86,31.1,0,9.842536,290,6.263432,-13.7,48.5,1017.6,3455.555583,0,6.8,24.26,31.1,18.86,164.5324043
2023-12-01,26.24,19.76,33.26,0,10.06623,290,4.47388,-11.2,55.3,1015.4,3388.888916,0,7.5,26.24,33.26,19.76,171.8152098
2023-12-02,35.6,24.08,46.4,0,13.645334,230,5.368656,-4.9,60.8,1013.6,2291.666685,0,12.4,35.6,46.4,24.08,139.6631277
2023-12-03,33.44,26.96,42.8,0,7.158208,200,3.802798,-7.3,56.3,1015.6,3227.777804,0,8.8,33.44,42.8,26.96,142.4166539
2023-12-04,36.86,26.6,48.92,0,6.263432,50,3.579104,-4.6,59.5,1011.1,2886.111134,0,12.4,36.86,48.92,26.6,133.2324381
2023-12-05,44.24,38.84,54.68,0,8.94776,50,4.47388,-1.6,55.4,1006.6,2247.22224,0,8.8,44.24,54.68,38.84,106.3486182
2023-12-06,42.98,39.02,47.66,0.14960638,10.737312,270,5.144962,2.1,76.1,999.2,519.4444486,0,4.8,42.98,47.66,39.02,120.8846795
2023-12-07,43.88,33.44,52.52,0,13.645334,230,5.816044,0.2,64,1003.8,2597.222243,0,10.6,43.88,52.52,33.44,112.382103
2023-12-08,52.16,41.18,62.24,0,17.000744,180,6.71082,6.5,73.4,1002.5,2094.444461,0,11.7,52.16,62.24,41.18,92.10476226
2023-12-09,56.66,53.06,61.16,0,8.500372,200,4.47388,10.8,82.9,1006.8,1125.000009,0,4.5,56.66,61.16,53.06,82.63137727
2023-12-10,52.52,44.06,59.9,0,,,,5.3,67.9,1012,,0,8.8,52.52,59.9,44.06,91.16988289
2023-12-11,48.02,41,54.14,0.44881914,,,,6.1,82.9,1006.7,427.7777812,0,7.3,48.02,54.14,41,103.3544786
2023-12-12,41.72,38.3,48.74,0.01574804,17.224438,50,6.039738,1.3,75.6,1010.5,1688.888902,0,5.8,41.72,48.74,38.3,125.8698251
2023-12-13,44.24,36.68,50.54,0,9.618842,50,5.368656,2.3,74.1,1016.9,1683.333347,0,7.7,44.24,50.54,36.68,115.3776769
2023-12-14,45.68,43.16,48.38,0.6692917,16.105968,50,10.06623,5.2,85.8,1011.7,405.5555588,0,2.9,45.68,48.38,43.16,111.9329804
2023-12-15,40.82,38.66,43.16,1.22441011,14.987498,50,8.052984,4.2,95.4,1001.7,411.1111144,0,2.5,40.82,43.16,38.66,136.2661237
2023-12-16,24.62,14.18,38.84,0.05905515,20.13246,270,11.632088,-9.1,68.9,1011.2,2358.333352,1,13.7,24.62,38.84,14.18,210.9248389
2023-12-17,14.36,9.68,20.48,0,12.750558,290,7.158208,-18.6,48.9,1022.8,3280.555582,0,6,14.36,20.48,9.68,212.1412519
2023-12-18,18.14,10.04,25.52,0,8.94776,290,4.921268,-17.7,45.1,1023.6,1947.222238,0,8.6,18.14,25.52,10.04,180.6889123
2023-12-19,25.34,17.24,32.36,0.01181103,8.500372,50,4.250186,-9.9,63.1,1017.4,1602.777791,0.9,8.4,25.34,32.36,17.24,193.6960286
2023-12-20,18.68,10.58,28.22,0.03149608,12.079476,320,7.605596,-13.1,64.1,1016.3,2519.444465,2.1,9.8,18.68,28.22,10.58,238.2076515
2023-12-21,10.94,6.08,17.6,0,11.1847,290,6.71082,-18.5,57.4,1019.2,3191.666692,0.5,6.4,10.94,17.6,6.08,266.9382075
2023-12-22,11.12,5.54,17.6,0,9.618842,250,6.039738,-19.6,51.8,1025,3211.111137,0.4,6.7,11.12,17.6,5.54,241.8937133
2023-12-23,19.76,9.14,30.38,0,6.039738,50,4.026492,-15,53.4,1025.5,3011.111135,0.2,11.8,19.76,30.38,9.14,199.16705
2023-12-24,28.04,21.92,37.4,0.04330711,6.934514,200,3.579104,-6.4,73.4,1019.6,2802.7778,1.5,8.6,28.04,37.4,21.92,197.3682075
2023-12-25,30.74,27.14,35.78,0.02755907,8.500372,250,3.35541,-3.7,80.8,1017.4,1150.000009,3,4.8,30.74,35.78,27.14,190.5502214
2023-12-26,35.42,27.32,44.96,0,11.1847,270,4.026492,-2.7,72.9,1018,2547.222243,0,9.8,35.42,44.96,27.32,153.580296
2023-12-27,34.7,26.96,44.24,0,6.71082,50,3.131716,-2.3,76.6,1019.4,2630.555577,0,9.6,34.7,44.24,26.96,161.1018603
2023-12-28,34.16,28.94,39.92,0,10.513618,290,3.579104,-3.9,69.5,1017.7,2569.444465,0,6.1,34.16,39.92,28.94,156.3876776
2023-12-29,34.34,29.3,40.28,0,7.381902,270,3.802798,-3.4,71,1016.2,1508.333345,0,6.1,34.34,40.28,29.3,157.1699305
2023-12-30,33.08,30.38,35.78,0.51574831,10.289924,50,5.816044,-0.6,92,1006.9,191.6666682,12.2,3,33.08,35.78,30.38,185.9996564
2023-12-31,35.78,33.08,39.74,0.18503947,11.1847,320,4.47388,1.4,95.5,1006.8,850.0000068,8.8,3.7,35.78,39.74,33.08,168.7438035
2024-01-01,37.94,31.46,45.14,0,7.158208,180,3.802798,0.5,83.4,1016.1,2066.666683,2.4,7.6,37.94,45.14,31.46,148.2453077
2024-01-02,37.22,35.96,39.74,0,6.934514,270,3.579104,-1.6,72.6,1011.4,1075.000009,0,2.1,37.22,39.74,35.96,144.3310054
2024-01-03,35.24,30.02,39.2,0.02362206,9.395148,320,3.579104,-1.2,80.4,1008.6,922.2222296,0,5.1,35.24,39.2,30.02,161.5157192
2024-01-04,34.52,26.06,40.46,0,7.605596,50,4.250186,-2.7,74.3,1010.9,1450.000012,0,8,34.52,40.46,26.06,159.7702503
2024-01-05,41,34.52,48.38,0,10.737312,250,5.144962,1.2,77.1,1009.1,2158.333351,0,7.7,41,48.38,34.52,129.6774093
2024-01-06,33.26,27.14,41.36,0.09448824,8.94776,250,4.921268,-6,63.9,1011.1,3172.222248,6,7.9,33.26,41.36,27.14,153.789417
2024-01-07,24.08,17.06,30.38,0,15.434886,290,6.934514,-11.9,57.4,1015.4,3369.444471,5.6,7.4,24.08,30.38,17.06,187.4097678
2024-01-08,23.54,13.46,32,0,8.94776,320,4.026492,-12.1,57.8,1015.7,3236.111137,1.5,10.3,23.54,32,13.46,191.2471087
2024-01-09,30.92,28.58,32.72,0.06299216,6.71082,50,4.47388,-3,84,1008.9,411.1111144,3.1,2.3,30.92,32.72,28.58,193.3758218
2024-01-10,30.2,24.62,37.94,0,6.71082,290,3.802798,-3.1,85.9,1009.9,2169.444462,3,7.4,30.2,37.94,24.62,201.0654469
2024-01-11,35.06,27.68,40.1,0,8.724066,200,4.250186,-1.4,80.6,1007,1272.222232,2,6.9,35.06,40.1,27.68,162.7523988
2024-01-12,33.62,29.48,39.56,0,9.618842,290,5.144962,-6.2,61.6,1008.4,3269.444471,0,5.6,33.62,39.56,29.48,149.069119
2024-01-13,32.72,25.16,43.52,0,8.500372,320,3.131716,-10.7,44.3,1013.7,3347.222249,0,10.2,32.72,43.52,25.16,125.860242
2024-01-14,30.92,26.06,36.32,0.12204731,9.395148,320,4.697574,-4.6,74.5,1011,355.5555584,0,5.7,30.92,36.32,26.06,180.8528174
2024-01-15,25.34,19.58,33.62,0,10.961006,290,5.59235,-12.6,51.3,1017.4,3561.11114,0,7.8,25.34,33.62,19.58,166.7671701
2024-01-16,28.22,19.04,39.74,0,7.605596,50,3.35541,-11.5,49.8,1021.2,3294.444471,0,11.5,28.22,39.74,19.04,151.5534731
2024-01-17,33.08,27.86,35.42,0.38188997,7.605596,50,4.47388,-3,78.5,1014.8,527.777782,2.3,4.2,33.08,35.42,27.86,172.6057573
2024-01-18,40.1,34.52,48.92,0.01968505,12.30317,50,5.368656,1.4,81.5,1012.3,2738.888911,1.1,8,40.1,48.92,34.52,135.9287363
2024-01-19,41.72,39.2,48.2,0,15.882274,50,10.06623,-0.7,65.4,1017,2858.333356,0,5,41.72,48.2,39.2,120.3884411
2024-01-20,38.12,35.42,40.82,0.01574804,16.105968,50,11.855782,-1.7,69.5,1014.6,761.1111172,0,3,38.12,40.82,35.42,137.6226506
2024-01-21,35.06,27.68,39.74,0.01574804,11.855782,270,5.59235,-2.2,75.8,1014.5,991.6666746,0,6.7,35.06,39.74,27.68,158.3214245
2024-01-22,16.34,10.58,27.68,0.00787402,14.092722,270,9.171454,-14,65.6,1017,2358.333352,2.3,9.5,16.34,27.68,10.58,259.7316064
2024-01-23,10.94,6.8,17.24,0,14.763804,250,8.724066,-19.2,53.6,1014.9,3758.333363,0,5.8,10.94,17.24,6.8,250.677883
2024-01-24,17.6,11.84,25.34,0,13.197946,270,7.381902,-16.2,52,1015.1,3786.111141,0,7.5,17.6,25.34,11.84,206.1162493
2024-01-25,22.46,14.54,31.1,0,8.276678,270,4.697574,-14.8,47.8,1017.5,3769.444475,0,9.2,22.46,31.1,14.54,170.2655051
2024-01-26,28.94,19.58,39.2,0,8.724066,250,4.250186,-8.1,62.5,1017.9,3522.22225,0,10.9,28.94,39.2,19.58,172.8733351
2024-01-27,31.1,23.72,40.28,0,10.737312,250,4.026492,-5.7,70,1016.1,3452.777805,0,9.2,31.1,40.28,23.72,173.3923793
2024-01-28,29.3,23,38.84,0,8.052984,290,4.250186,-7.9,62.3,1017.6,3477.777806,0,8.8,29.3,38.84,23,170.6720755
2024-01-29,31.28,23.36,40.28,0,8.276678,270,3.802798,-6.2,66.6,1020,3513.888917,0,9.4,31.28,40.28,23.36,167.4205055
2024-01-30,34.52,24.8,46.58,0,6.487126,50,3.131716,-6.5,59.3,1017.7,3536.111139,0,12.1,34.52,46.58,24.8,142.2060614
2024-01-31,40.46,33.26,51.08,0,9.618842,320,4.250186,-4.2,54.1,1013.3,3513.888917,0,9.9,40.46,51.08,33.26,115.7457467
2024-02-01,36.32,29.66,46.76,0,9.842536,290,4.697574,-3.8,64.9,1014.3,2811.111134,0,9.5,36.32,46.76,29.66,141.205651
2024-02-02,37.58,33.26,46.22,0,9.171454,50,4.697574,-2.9,65.5,1016.1,2861.111134,0,7.2,37.58,46.22,33.26,136.4460765
2024-02-03,40.46,31.64,46.94,0,9.842536,50,4.921268,-1.7,63.9,1016.4,1880.555571,0,8.5,40.46,46.94,31.64,123.879634
2024-02-04,45.14,38.66,53.96,0,10.513618,50,4.026492,0,60.9,1014,3022.222246,0,8.5,45.14,53.96,38.66,107.0888826
2024-02-05,36.86,32.18,43.88,0.15354339,19.685072,50,11.1847,-0.2,81.8,1010.6,963.8888966,3.6,6.5,36.86,43.88,32.18,153.2742332
2024-02-06,34.16,32,37.22,0.00787402,7.605596,290,4.921268,-1.3,83.5,1013.8,1247.222232,3.8,2.9,34.16,37.22,32,170.8976715
2024-02-07,33.08,30.38,36.86,0,8.052984,320,4.697574,-3.1,76.6,1012.3,1002.777786,0,3.6,33.08,36.86,30.38,170.4720568
2024-02-08,33.08,26.6,43.16,0,8.94776,320,3.579104,-5.1,66.9,1010.6,3877.777809,0,9.2,33.08,43.16,26.6,158.6228291
2024-02-09,33.98,27.5,42.98,0,10.06623,200,4.921268,-4.5,66.8,1010.9,3463.888917,0,8.6,33.98,42.98,27.5,154.0693472
2024-02-10,35.06,29.3,45.32,0,10.513618,270,4.250186,-3.6,69.4,1012,3144.44447,0,8.9,35.06,45.32,29.3,151.7874423
2024-02-11,33.8,26.42,41.9,0,12.30317,250,4.921268,-3.9,70.6,1013.3,2883.333356,0,8.6,33.8,41.9,26.42,159.5220042
2024-02-12,38.3,26.78,50.9,0,8.052984,230,4.026492,-3.5,62.8,1017.5,4263.888923,0,13.4,38.3,50.9,26.78,131.051971
2024-02-13,46.76,35.6,56.66,0,12.526864,200,5.59235,3,70.6,1014.2,3050.000024,0,11.7,46.76,56.66,35.6,105.9702481
2024-02-14,55.22,47.84,64.94,0,9.842536,200,4.921268,8.7,76.4,1009.8,2886.111134,0,9.5,55.22,64.94,47.84,85.94947817
2024-02-15,40.1,33.08,52.88,0.42913409,14.54011,290,6.487126,2.9,89.9,1008.9,752.7777838,1.5,11,40.1,52.88,33.08,139.0919293
2024-02-16,36.14,29.3,46.58,0,8.276678,140,4.026492,-2.5,72.4,1013.4,3700.00003,0,9.6,36.14,46.58,29.3,149.4489975
2024-02-17,39.92,29.84,53.06,0,6.71082,230,3.802798,-0.2,73.5,1010.8,4258.333367,0,12.9,39.92,53.06,29.84,132.5286392
2024-02-18,43.16,34.16,48.92,0.67322871,11.1847,50,6.263432,3,81.4,1007,836.1111178,0,8.2,43.16,48.92,34.16,121.7526017
2024-02-19,48.38,39.56,53.42,0.35039389,10.737312,250,5.144962,8.3,95.8,1001.2,380.5555586,0,7.7,48.38,53.42,39.56,100.4247207
2024-02-20,39.74,37.04,44.24,0.10236226,16.77705,50,7.605596,2.1,86.3,1011.7,650.0000052,0,4,39.74,44.24,37.04,139.8114309
2024-02-21,35.42,32,39.2,0.70078778,16.105968,50,11.632088,0.7,92.5,1010.4,769.4444506,5.2,4,35.42,39.2,32,169.4859307
2024-02-22,32.36,30.02,34.88,0.34645688,13.42164,50,9.395148,-2.1,84.5,1016,1250.00001,13.8,2.7,32.36,34.88,30.02,183.8431095
2024-02-23,35.24,30.2,42.98,0.01574804,12.30317,70,7.82929,-3.5,68.8,1019,4244.444478,10.2,7.1,35.24,42.98,30.2,150.2670237
2024-02-24,35.6,29.66,42.62,0.09055123,10.513618,50,6.487126,-3.4,68.6,1017.7,3352.777805,2,7.2,35.6,42.62,29.66,148.3322828
2024-02-25,37.04,33.44,42.62,0.07086618,8.500372,290,4.47388,-0.3,80.8,1012.9,2097.222239,0.2,5.1,37.04,42.62,33.44,151.565305
2024-02-26,38.84,29.84,49.46,0,8.276678,50,4.250186,-2.6,65.3,1016.9,4161.111144,0,10.9,38.84,49.46,29.84,131.1359876
2024-02-27,41.54,34.16,49.64,0,11.632088,70,6.71082,-4,52,1018.9,3627.777807,0,8.6,41.54,49.64,34.16,110.8378284
2024-02-28,43.52,37.76,50.18,0,7.381902,290,4.697574,-1,59.5,1017,2833.333356,0,6.9,43.52,50.18,37.76,110.9153143
2024-02-29,40.64,32.54,49.28,0,14.763804,290,4.921268,-1.7,63.6,1011.9,1947.222238,0,9.3,40.64,49.28,32.54,123.0094778
2024-03-01,24.62,19.22,32.54,0,16.77705,290,9.842536,-16.3,38.9,1013.3,5647.222267,0,7.4,24.62,32.54,19.22,138.6113352
2024-03-02,31.1,17.42,39.38,0,15.882274,200,7.158208,-7.3,60.4,1008.8,3669.444474,0,12.2,31.1,39.38,17.42,158.7165906
2024-03-03,39.2,32.72,46.04,0,13.197946,270,6.487126,-0.9,71.5,1006.8,3755.555586,0,7.4,39.2,46.04,32.72,134.3864956
2024-03-04,41.72,28.76,53.06,0,7.158208,250,3.579104,-6.7,45.5,1009.8,4941.666706,0,13.5,41.72,53.06,28.76,104.3393014
2024-03-05,46.4,41.9,51.8,0,12.30317,50,6.487126,-3.5,45.1,1004.3,1747.222236,0,5.5,46.4,51.8,41.9,94.76450607
2024-03-06,43.16,36.5,50.54,0,11.408394,50,6.263432,-1.5,58.8,1005.9,2863.888912,0,7.8,43.16,50.54,36.5,111.5188127
2024-03-07,39.02,34.16,46.76,0.08267721,10.961006,200,6.71082,-2.7,62.4,1006,2436.111131,0,7,39.02,46.76,34.16,127.9631335
2024-03-08,35.78,30.74,43.7,0,15.434886,270,7.605596,-7.7,50.6,1007.3,5530.5556,0,7.2,35.78,43.7,30.74,126.1398425
2024-03-09,35.6,28.22,44.78,0,10.737312,270,6.039738,-7.8,50.8,1013.1,5875.000047,0,9.2,35.6,44.78,28.22,126.9852763
2024-03-10,39.56,28.76,51.08,0,9.842536,270,4.697574,-5,54,1017,5661.111156,0,12.4,39.56,51.08,28.76,118.3328108
2024-03-11,43.16,35.6,51.44,0,,,,-0.8,62.3,1009.3,,0,8.8,43.16,51.44,35.6,113.6963672
2024-03-12,43.88,39.92,50,0.08267721,,,,2.9,78,1004.8,83.333334,0,5.6,43.88,50,39.92,117.8961844
2024-03-13,43.7,34.34,53.6,0,13.869028,230,6.039738,-1.7,57.6,1009.4,5772.222268,0,10.7,43.7,53.6,34.34,109.2075114
2024-03-14,47.3,38.12,59.72,0,10.737312,230,,-0.4,58.3,1010.7,,0,12,47.3,59.72,38.12,100.3554486
2024-03-15,48.02,39.2,58.1,0,11.855782,200,5.144962,2.9,68.5,1013.4,5605.5556,0,10.5,48.02,58.1,39.2,101.8469773
2024-03-16,51.62,39.92,64.94,0,10.513618,270,4.697574,0.7,54.5,1010.8,5077.777818,0,13.9,51.62,64.94,39.92,90.37105637
2024-03-17,47.84,41.72,53.96,0.00393701,14.092722,290,8.276678,-2.5,48,1006.9,5163.88893,0,6.8,47.84,53.96,41.72,94.07760107
2024-03-18,44.78,34.52,55.76,0,10.06623,250,5.368656,-10.6,28.6,1011.2,5925.000047,0,11.8,44.78,55.76,34.52,82.22029976
2024-03-19,44.06,39.02,49.64,0.00787402,16.553356,200,8.276678,-0.5,60.8,1004.8,2675.000021,0,5.9,44.06,49.64,39.02,110.1094751
2024-03-20,39.92,34.16,47.66,0,13.645334,320,7.605596,-6.6,46.5,1009.6,5302.77782,0,7.5,39.92,47.66,34.16,109.5564269
2024-03-21,41,29.84,52.7,0,10.961006,250,4.47388,-5.9,46.5,1007.9,6230.555605,0,12.7,41,52.7,29.84,106.9744489
2024-03-22,50.72,38.84,59.36,0.21259854,18.790296,200,7.605596,1.5,57,1001.9,2847.222245,0,11.4,50.72,59.36,38.84,92.69480737
2024-03-23,55.4,48.74,64.76,0.00393701,9.171454,250,5.144962,6.1,66,1004.9,5333.333376,0,8.9,55.4,64.76,48.74,86.10120016
2024-03-24,61.16,50.9,74.12,0,8.94776,50,5.368656,2.6,42.5,1006.1,5525.000044,0,12.9,61.16,74.12,50.9,78.53414938
2024-03-25,51.08,44.06,58.1,0.20078751,15.434886,50,8.94776,3.3,63,1005.6,1300.00001,0,7.8,51.08,58.1,44.06,93.44702331
2024-03-26,45.32,37.76,54.32,0.45275615,12.750558,50,5.816044,3.3,77.3,1009.6,3822.222253,0,9.2,45.32,54.32,37.76,112.2726769
2024-03-27,50.72,39.92,61.16,0,9.842536,270,4.47388,4.4,68.4,1012.2,5127.777819,0,11.8,50.72,61.16,39.92,95.05846122
2024-03-28,50.54,46.04,53.96,0.07480319,9.842536,250,4.026492,7.2,81.8,999.6,1147.222231,0,4.4,50.54,53.96,46.04,95.74376422
2024-03-29,45.68,41,54.14,0.05511814,12.079476,230,6.263432,2.8,73,996.9,1855.55557,0,7.3,45.68,54.14,41,110.0199224
2024-03-30,47.84,37.4,60.08,0,12.526864,230,5.368656,0,56.5,1001.6,4463.888925,0,12.6,47.84,60.08,37.4,98.35359404
2024-03-31,51.08,38.12,63.86,0,9.842536,290,4.250186,-3.7,39.9,1002.3,6330.555606,0,14.3,51.08,63.86,38.12,84.96292492
2024-04-01,53.96,41.9,66.2,0,9.618842,250,4.026492,-5.5,32,1004.4,6588.888942,0,13.5,53.96,66.2,41.9,78.42136243
2024-04-02,59.72,44.6,75.02,0,10.06623,270,4.47388,0.1,37.5,1002.3,6025.000048,0,16.9,59.72,75.02,44.6,77.98499414
2024-04-03,61.88,57.02,67.46,0,7.605596,110,4.026492,7.4,55.9,996.6,1994.44446,0,5.8,61.88,67.46,57.02,79.64981956
2024-04-04,59.9,54.32,68.54,0,11.632088,50,6.487126,5.5,52.1,1004.4,4297.222257,0,7.9,59.9,68.54,54.32,80.48019587
2024-04-05,57.2,50.36,65.84,0,11.632088,230,5.59235,3.9,51.3,1008.6,4752.777816,0,8.6,57.2,65.84,50.36,82.49656778
2024-04-06,54.86,46.4,66.02,0,11.408394,230,4.250186,1,48.6,1008.8,4858.333372,0,10.9,54.86,66.02,46.4,84.27930181
2024-04-07,58.64,45.86,74.12,0,13.197946,270,4.47388,-1.8,33.4,1007.6,6500.000052,0,15.7,58.64,74.12,45.86,77.13424778
2024-04-08,61.16,51.8,73.04,0,11.632088,290,4.697574,4.3,46.5,1006.3,4011.111143,0,11.8,61.16,73.04,51.8,79.13996743
2024-04-09,59.54,51.08,69.44,0,17.671826,50,7.82929,-1.8,32.4,1010.2,7133.33339,0,10.2,59.54,69.44,51.08,76.60601775
2024-04-10,56.84,50.36,65.3,0,11.632088,290,5.816044,6.5,62.6,1014.2,4272.222256,0,8.3,56.84,65.3,50.36,84.05723697
2024-04-11,59.9,53.06,69.98,0,7.605596,250,4.026492,7.5,61,1011.1,3966.666698,0,9.4,59.9,69.98,53.06,81.01366756
2024-04-12,62.96,53.6,75.56,0,9.618842,250,4.697574,8.9,59.6,1008.1,6552.77783,0,12.2,62.96,75.56,53.6,79.31962226
2024-04-13,66.38,52.16,81.14,0,9.842536,250,4.250186,8.1,52.4,1007.3,7125.000057,0,16.1,66.38,82.17974605,52.16,78.62473962
2024-04-14,69.44,56.48,84.92,0,11.855782,270,4.250186,8.1,47.1,1006.1,6925.000055,0,15.8,69.44,85.67076976,56.48,78.95200808
2024-04-15,60.8,53.06,68,0.67322871,11.408394,50,5.59235,11.5,77.4,1000.2,883.3333404,0,8.3,60.8,68,53.06,79.32661476
2024-04-16,55.94,52.7,64.22,0.09055123,9.171454,180,5.59235,10.1,82.6,1001.8,3736.111141,0,6.4,55.94,64.22,52.7,83.80088733
2024-04-17,59,49.46,71.24,0,9.171454,250,4.921268,7.7,65.3,1001.9,6444.444496,0,12.1,59,71.24,49.46,81.76649464
2024-04-18,63.14,51.26,76.82,0,10.961006,290,4.921268,6.7,53.3,1000.1,7069.444501,0,14.2,63.14,76.82,51.26,79.03876437
2024-04-19,63.68,52.7,75.74,0,9.842536,200,4.697574,7.1,51.8,1002,6527.77783,0,12.8,63.68,75.74,52.7,78.80655255
2024-04-20,58.82,55.4,62.96,0.18897648,12.974252,50,6.71082,10.7,77.3,1000.1,1238.888899,0,4.2,58.82,62.96,55.4,80.95659966
2024-04-21,62.96,55.94,71.06,0,12.30317,50,8.500372,10.4,65.5,1000.8,3294.444471,0,8.4,62.96,71.06,55.94,79.27543392
2024-04-22,65.84,59,75.38,0,11.632088,50,6.934514,7.8,49.4,1003,5372.222265,0,9.1,65.84,75.38,59,78.42012992
2024-04-23,63.14,55.76,75.56,0,12.079476,50,8.052984,7.8,55,1001,5322.222265,0,11,63.14,75.56,55.76,79.12569326
2024-04-24,55.76,51.8,61.7,0.3543309,12.079476,250,6.71082,9.7,80.1,997.8,2647.222243,0,5.5,55.76,61.7,51.8,84.54442796
2024-04-25,57.92,50.54,69.44,0,7.381902,270,4.250186,9.8,75.6,1001.5,5163.88893,0,10.5,57.92,69.44,50.54,82.17135537
2024-04-26,64.04,52.52,78.8,0,11.408394,250,4.250186,9.2,61.1,1000,6594.444497,0,14.6,64.04,78.8,52.52,79.04453695
2024-04-27,64.76,52.7,79.16,0,10.06623,250,4.250186,8.7,56.4,1001.2,7841.666729,0,14.7,64.76,79.16,52.7,78.83921822
2024-04-28,69.26,55.4,84.02,0,7.605596,230,3.579104,9.9,53.5,1002.5,6983.333389,0,15.9,69.26,85.93259762,55.4,79.36497326
2024-04-29,69.62,62.42,78.98,0,12.30317,70,6.71082,9.1,48,998.2,5933.333381,0,9.2,69.62,78.98,62.42,79.08950025
2024-04-30,65.48,60.8,72.5,0,9.842536,250,4.921268,11.1,62.5,996.1,4986.111151,0,6.5,65.48,72.5,60.8,78.92681682
2024-05-01,65.3,57.02,75.2,0,9.618842,50,5.368656,5.9,46,1001.8,7236.111169,0,10.1,65.3,75.2,57.02,78.16580288
2024-05-02,64.58,54.32,74.66,0,11.632088,250,5.368656,6.3,48.4,1007.7,7977.777842,0,11.3,64.58,74.66,54.32,78.41167312
2024-05-03,67.46,53.96,82.22,0,8.052984,270,4.250186,7.1,46.9,1007.8,7855.555618,0,15.7,67.46,82.5444775,53.96,78.39828888
2024-05-04,70.52,58.28,83.3,0,9.618842,250,4.250186,8.2,44.8,1005.6,7391.666726,0,13.9,70.52,83.34162498,58.28,79.21818123
2024-05-05,64.04,60.26,69.08,1.90157583,12.526864,200,5.59235,15.4,87.4,998.5,602.7777826,0,4.9,64.04,69.08,60.26,77.09374718
2024-05-06,57.02,56.12,60.26,0.48425223,10.961006,200,6.934514,12.7,92.9,996.8,752.7777838,0,2.3,57.02,60.26,56.12,79.45616775
2024-05-07,55.94,53.96,59,0.09448824,10.961006,70,6.71082,9.1,77.3,1001.6,1319.444455,0,2.8,55.94,59,53.96,84.66679417
2024-05-08,58.46,48.2,70.52,0,10.961006,250,5.144962,6.3,58.8,1007.8,7558.333394,0,12.4,58.46,70.52,48.2,82.15051314
2024-05-09,60.98,51.62,71.24,0,13.197946,200,6.487126,8.4,63.6,1007.9,7547.222283,0,10.9,60.98,71.24,51.62,80.26545738
2024-05-10,64.22,54.5,74.84,0,12.30317,230,5.816044,7.9,55.6,1007.3,7783.333396,0,11.3,64.22,74.84,54.5,78.88875719
2024-05-11,62.6,57.2,71.6,1.24803217,20.356154,200,7.82929,13.2,80,1001.2,1588.888902,0,8,62.6,71.6,57.2,78.18716449
2024-05-12,61.88,53.42,70.88,0,12.974252,290,6.039738,9.3,65,1000.6,8030.55562,0,9.7,61.88,70.88,53.42,79.7326652
2024-05-13,64.94,53.42,76.1,0,11.855782,270,5.144962,7.4,51.9,1004,8358.3334,0,12.6,64.94,76.1,53.42,78.61237857
2024-05-14,65.84,54.86,76.46,0,11.855782,270,5.368656,5,43.3,1005.3,8338.888956,0,12,65.84,76.46,54.86,77.92976526
2024-05-15,54.68,44.96,65.84,0.81102406,14.763804,320,6.039738,7.7,74.3,1002.4,2319.444463,0,11.6,54.68,65.84,44.96,87.07432891
2024-05-16,56.66,44.42,67.64,0.00393701,12.750558,250,6.934514,5.3,61.3,999.6,8708.333403,0,12.9,56.66,67.64,44.42,84.21074073
2024-05-17,64.94,51.44,76.82,0,9.395148,200,4.921268,10.7,63.6,1003.7,6777.777832,0,14.1,64.94,76.82,51.44,78.93770043
2024-05-18,69.26,60.8,79.7,0,10.961006,270,4.47388,13.7,65.3,1006.6,7466.666726,0,10.5,69.26,79.7,60.8,80.20736391
2024-05-19,70.7,60.62,82.22,0,10.06623,270,4.250186,13.5,63.1,1004.9,8052.777842,0,12,70.7,85.35964007,60.62,81.02207741
2024-05-20,66.92,62.24,73.04,0,10.289924,250,5.144962,14.8,75,1005.2,3180.555581,0,6,66.92,73.04,62.24,79.19439265
2024-05-21,71.06,61.34,82.94,0,8.052984,290,4.250186,15,68.1,1008,7325.000059,0,12,71.06,87.76715085,61.34,81.91983463
2024-05-22,68.9,61.52,77.9,0,9.618842,270,5.144962,14.1,68.9,1005.7,7611.111172,0,9.1,68.9,77.9,61.52,80.2045768
2024-05-23,68.36,60.44,79.52,0,9.618842,290,5.59235,13.6,67.9,1001.1,8361.111178,0,10.6,68.36,79.52,60.44,79.82643116
2024-05-24,68.18,60.26,76.46,0,10.513618,320,4.697574,15.4,75.1,1002.5,5697.222268,0,9,68.18,76.46,60.26,79.96923524
2024-05-25,70.52,65.66,76.46,0,8.500372,160,4.026492,13.7,62.8,1004.8,4816.666705,0,6,70.52,76.46,65.66,80.85425304
2024-05-26,67.82,62.6,74.66,0.34251987,12.750558,230,6.039738,14.7,74.3,995.6,2833.333356,0,6.7,67.82,74.66,62.6,79.7043214
2024-05-27,65.3,57.38,72.68,0,14.316416,270,7.381902,10.8,63.4,993.5,7469.444504,0,8.5,65.3,72.68,57.38,78.92966873
2024-05-28,68.72,57.74,78.98,0,10.289924,320,5.59235,10.2,54.8,996.7,7652.777839,0,11.8,68.72,78.98,57.74,79.25208962
2024-05-29,70.16,59.72,80.24,0,10.961006,290,4.697574,10.1,51.6,1002.2,8161.111176,0,11.4,70.16,81.18009988,59.72,79.61161578
2024-05-30,69.26,61.16,76.28,0,7.605596,320,3.579104,9.5,49.1,1001,3602.777807,0,8.4,69.26,76.28,61.16,79.03816531
2024-05-31,68.72,62.42,77.72,0.0393701,13.42164,270,5.816044,11.9,60,999.7,8419.444512,0,8.5,68.72,77.72,62.42,79.58329019
2024-06-01,69.26,63.5,77.36,0,11.855782,270,6.263432,12.3,61.3,1000,7505.555616,0,7.7,69.26,77.36,63.5,79.92736501
2024-06-02,68.72,60.26,78.44,0,11.408394,290,6.039738,9.8,51.9,999.6,7972.222286,0,10.1,68.72,78.44,60.26,79.05566512
2024-06-03,71.96,60.26,83.66,0,9.395148,20,5.368656,9.5,47.4,1000.6,8319.444511,0,13,71.96,84.19653318,60.26,80.21528254
2024-06-04,73.04,61.34,84.74,0,9.171454,50,5.368656,8.9,42.1,1005.3,8658.333403,0,13,73.04,84.4284919,61.34,80.41031246
2024-06-05,74.48,64.58,86.18,0,10.513618,290,4.250186,13.4,53.9,1007.4,6983.333389,0,12,74.48,89.34511884,64.58,83.08476868
2024-06-06,75.38,66.74,88.52,0,9.618842,270,4.47388,14,54.3,1005.9,6797.222277,0,12.1,75.38,93.67593064,66.74,84.1203147
2024-06-07,73.58,64.94,82.4,0.03149608,8.94776,250,4.250186,12.9,54.3,1003.1,5669.44449,0,9.7,73.58,83.93524428,64.94,82.28579439
2024-06-08,68.54,64.22,77,0.66535469,8.724066,230,3.579104,16.5,79.5,998.8,2694.444466,0,7.1,68.54,77,64.22,80.40810198
2024-06-09,73.22,63.32,83.84,0,10.06623,270,4.026492,16.4,68.9,997.9,7883.333396,0,11.4,73.22,89.78888611,63.32,84.60089902
2024-06-10,76.46,66.2,87.98,0,10.289924,200,4.921268,17.4,66.3,997,7380.555615,0,12.1,76.46,98.17993623,66.2,88.95255401
2024-06-11,77.72,71.06,88.88,0,10.513618,250,5.368656,17.3,62.4,997,7547.222283,0,9.9,77.72,98.32503847,71.06,89.74331008
2024-06-12,76.64,66.56,89.24,0,10.513618,290,4.697574,16.1,60.8,995.6,7702.777839,0,12.6,76.64,98.32347876,66.56,87.43072809
2024-06-13,79.52,68,91.04,0,9.618842,250,4.026492,15,51.4,994.5,8277.777844,0,12.8,79.52,97.31191458,68,88.79866367
2024-06-14,79.34,70.52,91.4,0,13.197946,290,5.144962,16.4,56,995,6733.333387,0,11.6,79.34,100.6512393,70.52,90.09828848
2024-06-15,75.56,71.24,82.76,0.24015761,8.724066,270,4.250186,18.7,72.3,993.6,4363.888924,0,6.4,75.56,88.50789817,71.24,89.41557046
2024-06-16,75.74,67.82,85.1,0,11.1847,250,6.263432,14.9,58.4,996.3,8338.888956,0,9.6,75.74,88.93230556,67.82,85.48930553
2024-06-17,76.64,66.02,86.36,0,11.1847,270,5.368656,12.4,48.4,997.5,7825.000063,0,11.3,76.64,87.96284104,66.02,84.34515253
2024-06-18,78.8,68.72,91.22,0,9.395148,270,4.697574,16.9,59.5,996.6,8116.666732,0,12.5,78.8,102.3586931,68.72,90.51888756
2024-06-19,83.84,70.52,96.44,0,8.94776,250,3.579104,17.7,54.3,997.9,7847.222285,0,14.4,85.86315086,112.2878485,70.52,97.80083483
2024-06-20,84.92,74.12,95.72,0,8.500372,160,4.47388,15.6,45.1,994.1,7219.444502,0,12,85.23471417,103.4997801,74.12,95.35831829
2024-06-21,82.58,73.22,93.02,0,10.737312,200,4.47388,16.3,49.8,992.2,6875.000055,0,11,83.3786291,100.5947041,73.22,93.17912118
2024-06-22,75.56,72.68,78.98,0.64960665,7.605596,50,4.47388,20.4,80.6,988.3,997.2222302,0,3.5,75.56,78.98,72.68,92.63691894
2024-06-23,77.18,72.5,86.18,0.20078751,11.632088,200,4.921268,21.1,79.5,988.6,5233.333375,0,7.6,77.18,100.0945158,72.5,96.31383262
2024-06-24,75.74,70.16,82.22,0,12.079476,230,6.487126,18.3,70.4,993.2,5450.000044,0,6.7,75.74,86.94540292,70.16,89.08837466
2024-06-25,73.22,66.38,80.96,0,13.869028,270,6.71082,14.9,61.9,1000.2,7011.111167,0,8.1,73.22,83.28375996,66.38,83.21142322
2024-06-26,76.82,66.02,88.88,0,11.1847,230,4.250186,16.3,61,1004.5,7677.777839,0,12.7,76.82,97.59295209,66.02,87.77081314
2024-06-27,79.34,69.08,88.88,0,8.94776,110,3.579104,16.1,55,1001.3,6622.222275,0,11,79.34,94.68903453,69.08,89.73299192
2024-06-28,79.88,70.34,90.5,0,10.513618,290,4.697574,16.3,54.6,997.1,8011.111175,0,11.2,79.88,97.85174753,70.34,90.47093179
2024-06-29,80.06,70.88,90.14,1.50787483,12.30317,140,4.921268,19,65.1,992.7,5683.333379,0,10.7,82.46023755,103.0935674,70.88,95.63149671
2024-06-30,74.3,71.6,76.82,1.26771722,16.105968,200,8.276678,21.4,88.5,987.6,1080.555564,0,2.9,74.3,76.82,71.6,92.55431457
2024-07-01,79.34,71.6,88.34,0,7.605596,250,4.026492,19.8,69.1,993.9,6858.333388,0,9.3,79.34,100.633558,71.6,96.15830374
2024-07-02,73.76,71.42,77.36,2.56299351,11.855782,70,6.263432,21.4,90,994,536.1111154,0,3.3,73.76,77.36,71.42,91.6272337
2024-07-03,76.46,74.48,78.62,0.03149608,12.30317,180,8.052984,21,80.3,998,2475.00002,0,2.3,76.46,78.62,74.48,94.79312797
2024-07-04,80.24,73.76,87.08,0.14173236,14.763804,200,6.71082,21.7,74.8,996.2,5225.000042,0,7.4,83.99519697,100.2753819,73.76,102.115766
2024-07-05,74.12,70.34,78.98,0.16141741,17.000744,200,7.381902,19.7,80.5,994.4,3125.000025,0,4.8,74.12,78.98,70.34,89.27119998
2024-07-06,77.18,71.78,86,0.11023628,14.54011,200,7.158208,22.2,84.1,992.9,1900.000015,0,7.9,77.18,101.9609842,71.78,98.84989987
2024-07-07,75.92,70.7,82.76,1.12992187,9.395148,160,4.026492,21.6,85.1,994.3,3080.55558,0,6.7,75.92,92.27238455,70.7,95.63317016
2024-07-08,74.84,73.58,76.1,0.83070911,8.94776,180,4.026492,22.6,93.4,992.8,933.3333408,0,1.4,74.84,76.1,73.58,96.25523957
2024-07-09,76.1,72.86,80.06,0.01181103,10.513618,230,4.026492,22,86.9,994.2,2158.333351,0,4,76.1,85.34288762,72.86,97.06603687
2024-07-10,79.88,72.86,87.98,0.05511814,10.961006,340,4.921268,22.1,77.1,990,5566.666711,0,8.4,79.88,104.3380566,72.86,102.6513955
2024-07-11,78.26,73.94,84.02,0,8.276678,230,4.697574,21.8,79.6,991.9,6038.888937,0,5.6,78.26,93.88443497,73.94,99.42758367
2024-07-12,78.08,71.24,86.36,0,7.605596,250,3.579104,21.6,79.5,992.7,3702.777807,0,8.4,78.08,100.6481328,71.24,98.84134324
2024-07-13,82.58,74.3,91.94,0,9.395148,160,4.250186,21.6,70,995.3,6538.888941,0,9.8,87.55031806,111.9860138,74.3,105.4559391
2024-07-14,83.12,76.82,89.78,0.01574804,8.500372,50,5.368656,21.2,65.9,999.2,6205.555605,0,7.2,87.53761392,102.6236586,76.82,103.7971559
2024-07-15,83.12,76.1,88.34,0,8.276678,50,5.368656,21,64.6,1001.1,5036.111151,0,6.8,87.20772042,98.18205799,76.1,102.8231697
2024-07-16,80.6,76.28,87.26,0.6692917,11.408394,160,5.144962,22.7,78.4,999.9,3422.22225,0,6.1,85.2642536,102.8439255,76.28,105.9178499
2024-07-17,77.72,75.38,82.58,3.88976588,15.211192,200,5.59235,23.9,91.6,997.6,966.6666744,0,4,77.72,93.85119201,75.38,105.5058344
2024-07-18,75.74,73.58,78.08,5.07086888,16.77705,180,4.921268,23.5,95.3,992,686.1111166,0,2.5,75.74,78.08,73.58,100.355148
2024-07-19,80.6,75.56,87.44,0.00393701,9.171454,230,4.921268,23,80.1,995.4,6025.000048,0,6.6,85.54929695,104.4421548,75.56,107.2773971
2024-07-20,80.96,77.18,87.08,0.58661449,13.645334,180,6.039738,23.4,80.4,995.8,3727.777808,0,5.5,86.4170681,103.4404129,77.18,108.7919014
2024-07-21,79.7,72.5,85.64,0.33464585,18.566602,230,8.052984,23.4,83.6,996.9,3188.888914,0,7.3,79.7,100.5061747,72.5,106.9044351
2024-07-22,79.88,75.74,82.22,3.14567099,17.671826,200,6.934514,24.6,89,995.4,1136.11112,0,3.6,79.88,91.87659382,75.74,112.0975907
2024-07-23,79.52,78.44,81.14,0.0787402,14.316416,230,7.158208,24.2,87.9,994.4,1366.666678,0,1.5,79.52,88.42020717,78.44,109.700464
2024-07-24,82.58,78.8,87.62,0.57874047,12.079476,250,5.816044,25.2,85,994.5,4252.777812,0,4.9,91.72416422,108.2136317,78.8,119.6499997
2024-07-25,83.84,77.72,89.96,0.99606353,11.1847,110,4.026492,24.8,79.8,996.3,3930.555587,0,6.8,93.4688905,113.0231316,77.72,119.2408309
2024-07-26,83.66,77.36,90.86,0.21653555,12.30317,140,5.144962,25.2,81.9,999.8,5080.555596,0,7.5,93.74081301,118.2329577,77.36,120.855415
2024-07-27,84.02,81.5,89.06,1.31889835,10.06623,200,3.802798,25.7,83.6,1004.1,3536.111139,0,4.2,95.43885952,112.6168578,88.41161687,124.4430637
2024-07-28,84.56,81.14,89.96,0,15.211192,200,7.158208,24.4,76,1002.5,5091.666707,0,4.9,93.93647513,110.0910995,85.96911673,117.8940377
2024-07-29,81.32,80.24,82.04,0,14.763804,230,8.500372,24.4,84,999,725.0000058,0,1,88.03837454,89.9372207,85.35016432,113.3782758
2024-07-30,83.48,79.34,89.42,0,9.618842,230,6.263432,24.4,78.8,997.4,4430.555591,0,5.6,92.1603515,110.3133907,79.34,116.7108155
2024-07-31,84.92,80.6,91.94,0,10.06623,200,5.816044,24.2,74.5,996.5,4838.888928,0,6.3,94.26570592,115.7841735,84.63200389,117.6187891
